repo_full_name,predict,Truth,correct
MrGerkins,1,1,1
puppet-logstash,1,1,1
es6-promise,1,1,1
anvil-build,1,1,1
spfjs,1,1,1
generator-oraclejet,1,1,1
otto-intellij-plugin,1,0,0
python-zxcvbn,1,1,1
scripts,0,1,0
uchiwa-web,1,0,0
hetero-streams,1,1,1
intellij-deps-commons-imaging,1,1,1
go-webdav,0,0,1
zan-installer,1,1,1
seifrng,1,1,1
contrail-python-api,1,0,0
gobeansproxy,1,1,1
MPMessagePack,1,1,1
parameter-framework,1,1,1
hogan.js,1,1,1
code-scanning-javascript-demo,1,1,1
express-normalized,1,1,1
shepherd,1,1,1
certificate-transparency-java,1,1,1
macops-MOLFCMClient,1,1,1
SparkADMM,1,0,0
DotCi,1,1,1
email-parser,1,1,1
corelibs-edison,1,1,1
node-kms,1,1,1
fire-app-builder,1,1,1
webapps-sweetspot,1,0,0
logtron,1,1,1
css,1,1,1
mime-types,1,0,0
norbert,1,1,1
appengine-jenkins,1,0,0
arduino101_openocd,1,0,0
mobilists,1,1,1
atg-build-tools,1,1,1
conferenceDB,1,0,0
demos,0,1,0
torch-distro,1,0,0
acme,1,1,1
beacon-platform,1,1,1
appengine-codiad,1,0,0
citrix.github.io,1,1,1
paradox-tester,1,1,1
BXT,1,1,1
python-subprocess32,1,1,1
rides-python-sdk,1,1,1
python-avro-json-serializer,1,1,1
cstruct,1,1,1
paypal-here-ios-nimbus,1,1,1
ProgrammingProjectList,1,1,1
adt-tools-base,1,1,1
s6-setuptools,1,1,1
jpush-api-ruby-client,1,1,1
translation-cards,1,0,0
vtune-perf-numactl,1,1,1
jchat-web,0,1,0
Kotlin.TeamCity,0,1,0
data-import,1,0,0
adb-sync,1,1,1
aegisthus,1,1,1
github_flo,1,1,1
tiff,1,0,0
apple-tv-auth,1,1,1
teamcity-nunit-samples,1,1,1
kafkat,1,0,0
ccp-docker-opencontrail,1,0,0
xoc,1,1,1
vizceral-react,1,1,1
woff2,1,1,1
ReactiveLab,1,1,1
contrail-third-party,1,1,1
Kenshin,1,1,1
adaptivepayments-sdk-java,1,1,1
hpack,1,1,1
graphql-relay-walker,1,1,1
testium,1,1,1
releasinator,1,1,1
intellij-sbt,1,1,1
syzygy,1,1,1
k8s-netchecker-agent,1,1,1
mod_statuspage,1,1,1
traceout,1,1,1
sbt-tc-logger,1,1,1
generator-lego,1,0,0
redis-migrate-tool,1,1,1
redischeck,1,0,0
puppetlabs-haproxy,1,1,1
amazon-instant-access-sdk-java,1,1,1
QT4i,1,1,1
cellular-resource-manager,1,0,0
sshmap,0,1,0
rds-tools,1,1,1
bzip2-rpc,1,0,0
yelp_encodings,1,1,1
dotpeek-nupeek,1,1,1
pypicloud,1,0,0
go-curl,1,1,1
jasy,1,1,1
FuriganaTextView,1,0,0
BabelBot,1,1,1
seifnode,1,1,1
shaky-android,1,1,1
gnomon,1,0,0
ycb,1,1,1
kernel-fuzzing,1,0,0
ctv-devicecommunication-tools,1,1,1
gjstest,1,1,1
enjarify,1,1,1
checkprovider,1,0,0
fast_tffm,1,1,1
github-graphql-rails-example,1,1,1
Chrome.Docs,1,0,0
hal-9001,1,1,1
arc-proselint,1,0,0
cordova-plugin-intel-xdk-camera,1,1,1
hubot-scripts,1,0,0
PyHive,1,1,1
emclient-u3d,1,1,1
swift-protobuf-plugin,1,1,1
libmei,1,1,1
rails-auth,1,1,1
wear-displaylock,1,1,1
HujiangTechnology.github.io,0,0,1
pinject,1,1,1
node-nano-doc-updater,1,1,1
cpuinfo,1,1,1
pyleus,1,0,0
polyglot.js,1,1,1
awesome-ios-cn,1,1,1
hecate,1,1,1
bsd-cloudinit,1,1,1
pomelo-rpc,1,1,1
ipn-code-samples,1,1,1
us-altgr-intl,1,1,1
tiny-loader.js,1,1,1
tblive,1,0,0
awesome-sysadmin-cn,1,1,1
highlightjs-android,1,1,1
nanopb-podspec,1,1,1
falcor-path-utils,1,1,1
encrypted-bigquery-client,1,1,1
WebImageView,1,0,0
puppet-hash_file,0,1,0
iuap-design.github.io,1,1,1
zan_high_performance_mysql,1,0,0
ironic-driver-oneview,1,1,1
rubygems-mirror,1,0,0
Gibberish-Detector-Java,1,1,1
teamcity-local-cloud,1,1,1
raven,1,1,1
ct-hackday-schwag,1,1,1
gold-wechat-collection-ranking,1,0,0
cornerstoneMath,1,1,1
dart-sync-socket,1,1,1
integration-tests-vm-scripts,1,1,1
cacti,1,1,1
coursebuilder-resources,1,1,1
dart-sync-webdriver,1,1,1
invoice-sdk-java,1,1,1
google-authenticator,1,1,1
ocelli,1,0,0
js-shims,1,1,1
uncaught-exception,1,1,1
RoundedImageView,1,1,1
torch-android,1,1,1
node-infosvr-commons,1,1,1
medium-sdk-go,1,1,1
scipy,0,0,1
chartjs.dart,1,1,1
unimorph,1,1,1
py3270,1,1,1
AppUpdateTrackerLib,1,0,0
dockersh,1,1,1
sh.js,1,0,0
watson-murder-mystery,1,1,1
stepler-draft,1,0,0
macops-MOMenu,1,0,0
wordpress,1,1,1
Citrix-Desktop-Notification-Tool-for-Xendesktop,1,0,0
jenkins_api_client,1,1,1
amazon-instant-access-sdk-net,1,1,1
buttonmanager-sdk-java,1,1,1
grafika,1,1,1
dotpeek-console,1,1,1
elasticsearch-concatenate-token-filter,1,1,1
kotlin-grammar-generator,1,1,1
yelp-api,1,1,1
foedus_code,1,1,1
iweb-tool,1,0,0
cpq-cloud-with-paas-samples,1,0,0
dnscache,1,1,1
puppet-orchestrator-for-mysql,1,1,1
mycroft,1,1,1
isaac,1,1,1
fplutil,1,1,1
PhotoView,1,1,1
cordova-plugin-oracle-idm-auth,1,1,1
yangc,1,1,1
teamcity-rust-plugin,1,1,1
tsf,1,1,1
unleash,1,1,1
ot-crdt-papers,1,1,1
amazon-advertising-api-php-sdk,1,1,1
k8srnd-sockshop-shipping,1,1,1
babel-plugin-dynamic-import-node,1,1,1
pysensu-yelp,1,1,1
LayoutTest-iOS,1,1,1
runway-compiler,1,1,1
remarkable,1,1,1
language-runway,1,1,1
api-samples,1,1,1
gohan_webui,1,0,0
Unity3dRider,1,1,1
mathfu,1,1,1
ndu,1,1,1
MariaDB4j,1,1,1
tuning-box,1,0,0
dleyna-core,1,1,1
csa-ce,0,0,1
jps-javac-extension,1,1,1
slash,1,1,1
bazel_essentials,1,1,1
initsearchtool,1,1,1
puppet-macdefaults,1,1,1
gpstall,1,1,1
elsy,1,1,1
paradox-publisher,1,1,1
PayPal-node-SDK,1,1,1
kokkos,1,1,1
babel,0,0,1
github-ldap,1,1,1
git-split,1,1,1
rend,1,1,1
vectorio,1,0,0
buttonmanager-sdk-ruby,1,1,1
sparrowhawk,1,1,1
twitter-cldr-js,1,1,1
datagraph,1,0,0
go-units,1,1,1
Accessibility-Test-Framework-for-Android,1,1,1
notary-official-images,1,1,1
gradle-python-envs,1,1,1
tinper-neoui-tree,1,1,1
BCT,1,1,1
active_record-sql_analyzer,1,1,1
bossbat,1,1,1
zantcpdemo,1,1,1
go-querystring,1,1,1
tegra-nouveau-rootfs,1,1,1
nugget,1,1,1
devspaces-jiralint,1,1,1
Diplomat,1,1,1
netflix.github.com,1,1,1
python-skeletons,1,1,1
k8srnd-sockshop-user,1,1,1
wmail-user-scripts,1,1,1
roskomnadzor,1,0,0
paracel,1,0,0
yelp_bytes,1,1,1
PRBench,0,1,0
gae-secure-scaffold-python,1,1,1
interactive,1,1,1
rend-lmdb,1,0,0
web-skill-set,1,1,1
gonduit,1,1,1
pyes,0,1,0
vizceral-component,1,1,1
murphy,1,1,1
slothfs,1,1,1
variants,1,1,1
moneta,1,0,0
arduino101_flashpack,1,0,0
gofc,1,1,1
wookiee-zookeeper,1,1,1
awesome-python-books,1,1,1
sails-hook-webpack,1,1,1
tinper-sparrow,1,1,1
tern-closure,1,0,0
Huawei_LiteOS_Kernel,1,1,1
junos-snapshot-administrator,1,1,1
tegrarcm,1,1,1
gifencoder,1,1,1
protobuf,0,0,1
awesome-c-cn,1,1,1
clay,1,1,1
amqp-coffee,1,1,1
gipfeli,1,0,0
Storefront-API-Xamarin-Sample,1,0,0
ruby-openid-apps-discovery,1,1,1
safebrowsing,1,1,1
text,1,1,1
selenium-drivex,1,1,1
hdl-tools,1,1,1
celebrer-dashboard,1,0,0
contrail-web-storage,1,1,1
dynamodb-cross-region-library,1,1,1
reactivesocket-examples,0,0,1
linguist,1,1,1
python-cas,1,1,1
opensource,1,1,1
tooltipsy,1,0,0
OpenClos,1,0,0
opensource,1,1,1
teamcity-commandline,1,1,1
brillo-minnowboard-binaries,1,0,0
hostlists,1,1,1
sdk-ios-cocoapods,1,1,1
coverage,1,1,1
puppetlabs-lvm,1,0,0
yz_aerospike,1,0,0
SDN-NFV-Hands-on-Samples,1,1,1
teamcity-dotmemory,1,1,1
talkback,1,1,1
vim-searchindex,1,1,1
django-constance,1,1,1
galaxy-sdk-nodejs,1,1,1
accessible-html5-video-player,1,1,1
gwt-charts,1,0,0
spacecommander,1,1,1
assertive-as-promised,1,1,1
hsql1,1,1,1
play-licensing,1,1,1
CODK-A-X86,1,1,1
sqoop,1,1,1
docker-swift,1,1,1
libstructure,1,0,0
puppet-zookeeper,1,1,1
github-owners-bot,1,1,1
libsearpc,1,1,1
phabricator-jenkins-plugin,1,1,1
schema-inferer,1,0,0
nautilus-dropbox,1,1,1
bat,1,1,1
force-pr,0,0,1
whiskey,1,1,1
protorpc,1,1,1
uberalls,1,1,1
teamcity-shared-resources,1,1,1
designer,1,1,1
gradle-teamcity-log-errors-plugin,1,1,1
winops,1,1,1
ansible-coreos-kubelet,1,1,1
drone-ui,1,1,1
ServiceCOLDCache,1,1,1
weasel,1,1,1
indexed-db-as-promised,1,0,0
react-field-kit,1,0,0
everythingisconnected,1,0,0
yworkcli,1,1,1
vim-coverage,1,1,1
developer.qiniu.com,1,0,0
deepin-gettext-tools,1,1,1
mocha-wrap,1,1,1
nodes,1,1,1
scaffold,1,0,0
web_notifications.dart,1,1,1
hadoop-lzo,1,1,1
butteraugli,1,1,1
Specs,0,0,1
hilbert,1,1,1
nemo-firefox-profile,1,0,0
provisioning-services-sdk,1,1,1
ilo-chef,1,1,1
vmware-dvs,1,0,0
egads,1,1,1
puppet-cron,1,1,1
py-junos-netconify,1,1,1
dde-account-faces,1,1,1
vld-sourceguardian,1,1,1
spitfire,1,1,1
refocus-lens-multitable,1,1,1
restcommander,1,1,1
hpe-nvm,0,1,0
cache_tab,1,1,1
brotli-rs,1,0,0
paper-gui,1,1,1
d3kit,1,1,1
teuthology,1,0,0
meepo,1,1,1
k8s-devbox,1,0,0
zabbix-plugins-hpeilo,1,0,0
generator-react-engine,1,1,1
phantomjs,1,1,1
go-plugins-helpers,1,1,1
webapps-bubblewrap,1,0,0
fluxible-immutable-utils,1,1,1
metrics-collector-client-swift,1,1,1
labella.js,1,1,1
jsx-test,1,1,1
snappyer,1,1,1
QBImagePickerController,1,1,1
sbt-sonarrunner-plugin,1,1,1
python_shebang,0,0,1
WeDemo,1,1,1
git-appraise-eclipse,1,1,1
maturity-model,1,0,0
tuneup.dart,1,1,1
iot-web-layers,1,1,1
darwin-xnu,0,1,0
sdk-ios-cocoapods-integration,1,1,1
apps-cloud-ui-kit,1,1,1
Prana,1,1,1
tegra-pinmux-scripts,1,1,1
Atlas,1,1,1
utip,1,1,1
aol-hb.js,1,1,1
assertj-android,1,1,1
amcharts-accessibility-plugin,1,1,1
tsar,1,0,0
falcor-datasource-chainer,1,1,1
gear,1,1,1
badge-up-api,1,1,1
docker-selion,0,0,1
miniutf,1,0,0
sslconfig,1,1,1
grange-server,1,0,0
emoji-java,1,1,1
ccs-calendarserver,1,1,1
asgard,1,0,0
buttonmanager-sdk-dotnet,1,1,1
logstash,0,0,1
debug_socket,1,1,1
etcd,0,0,1
billow,1,1,1
teamcity-docker-server,1,1,1
Safelight,1,1,1
XenGT-Preview-qemu,1,1,1
netperf,1,1,1
YMCache,1,1,1
CODK-Z-Flashpack,1,1,1
juniper.github.io,1,1,1
backbeat,1,1,1
codesearch,1,1,1
awesome-javascript-cn,1,1,1
MaxScale,1,0,0
analytical-sql-examples,1,1,1
hackathon16-arduino-led,1,0,0
ccp-pipeline-libs,1,1,1
nvidia-xconfig,1,1,1
cp-patterns,1,1,1
httptest,1,1,1
mt,1,1,1
sleepy-puppy-docker,1,1,1
mos-integration-tests,1,1,1
twisted_s3,1,0,0
fstools,1,0,0
yelp_kafka,1,1,1
KVMGT-seabios,1,1,1
dpy,1,1,1
docker-nexus,1,0,0
rib,1,0,0
openssl-tests,1,0,0
AirMapView,1,1,1
node-swagger-ui-middleware,1,1,1
library,0,1,0
seafile-test-deploy,1,1,1
TeamCity.StaticUIExtensions,1,1,1
intellij-deps-proxy-vole,1,1,1
doctor,1,1,1
webapps-memory-game-older-kids,1,0,0
foedus,1,1,1
jpush-ios-sdk-pod,1,1,1
contrail-vrouter-java-api,1,1,1
intellij-thrift,1,0,0
mk-lab-salt-model,1,1,1
sprite-loader,1,1,1
vimdoc,1,1,1
CODK-M,1,1,1
blakejs,0,1,0
re2j,1,1,1
deepboost,1,0,0
gpu-rest-engine,1,1,1
extra-keyboards-for-chrome-os,1,1,1
enum_class.dart,1,0,0
Teaf,1,1,1
thunderbolt-dkms,1,1,1
TouchTime,1,1,1
maxDNN,1,1,1
teamcity-docker-minimal-agent,1,1,1
h5vcc-web-platform-tests,0,0,1
tchannel,1,1,1
atom-grammar-nessuskb,1,0,0
ansicolor-dart,1,1,1
ceph,1,0,0
point-of-sale-android-sdk,1,1,1
RiscVEdk2,0,0,1
mnemonics,1,1,1
edkiibuilddataviewer,1,1,1
osdetector-gradle-plugin,1,1,1
infinity,1,0,0
babel-plugin-angular-annotate,1,1,1
grpc-c,1,1,1
incubator-mynewt-core,1,0,0
tac_plus,1,1,1
latency-benchmark,1,1,1
cpp-russia-2017-clion,1,1,1
streamy-dart,1,1,1
ruskit,1,1,1
bpwrapper,0,0,1
RxGroups,1,1,1
burst,1,1,1
metrics,1,1,1
mobx-react,1,0,0
contrail-generateDS,1,1,1
qg.web,1,1,1
watson-streaming-stt,1,1,1
breadboard,1,1,1
Automation,1,1,1
mos-components-ci,1,0,0
greenify,1,1,1
pegasus-YCSB,1,1,1
pybridge,0,0,1
ukai,1,1,1
git-fastclone,1,1,1
easypki,1,1,1
kir-holiday-lights,1,1,1
slowfs,0,0,1
tinper-webide,1,1,1
CausalImpact,1,1,1
intellij-coffee-script-debugger,0,1,0
github-issue-mover,1,1,1
dotty,1,0,0
range-spec,1,1,1
nagios-hpeilo-restful-extension,1,0,0
airpal,1,1,1
yara-rules,1,1,1
draccus,1,1,1
webapps-rabbit,1,0,0
matador,1,1,1
google-interview-university,1,1,1
dptf,1,1,1
cordova-plugin-jsms,1,1,1
kafka-tools,1,1,1
tmt-workflow,1,1,1
pfop,1,1,1
docker-aptly,1,1,1
jpuppet-download,1,1,1
node-i18n-utilities,1,1,1
music-synthesizer-for-android,1,1,1
nanoscope-art,1,1,1
yelp-avro,1,1,1
pyre2,1,1,1
deep-learning-technologies,1,1,1
docker-example-ali,1,1,1
awesome-css-cn,1,1,1
wincollect,1,1,1
pez-haas-pynsxv-old,1,1,1
gpgmeh,1,1,1
rallyslack,1,1,1
HOT-OpenStack,0,1,0
mi-visualization,1,1,1
rides-java-sdk,1,1,1
contrail-aws-ci-provisioning,0,0,1
binnavi,1,1,1
tape,1,1,1
awesome-machine-learning-cn,1,1,1
k8srnd-sockshop-payment,1,1,1
webim-react-native,1,1,1
param_runner,1,0,0
cordova-plugin-intel-xdk-multitouch,1,1,1
libphutil,1,0,0
tinyTILE-Extended-Support-Library,1,1,1
netconf-php,1,0,0
smilesparser,1,0,0
dagger,1,1,1
usbinfo,1,1,1
flask-mako,1,1,1
gdata-objectivec-client,1,1,1
ccs-caldavclientlibrary,1,1,1
jalic,1,0,0
merchant-sdk-ruby,1,1,1
thrift-parser,1,1,1
recruitment,1,1,1
aminator,1,1,1
doloop,0,0,1
sqeduler,1,1,1
RestVolley,1,1,1
foedus_results,1,0,0
qlogfetch,1,1,1
PivotalCoreKit,1,1,1
CODK-M-X86,1,1,1
youtrack-rest-python-library,1,1,1
bettertls,1,1,1
alexa-skills-kit-js,1,1,1
thread-weaver,1,0,0
netshoot,1,1,1
Redhead,0,1,0
dockyard,1,1,1
ARM_NEON_2_x86_SSE,1,1,1
whale,1,1,1
osadsp-crosstool-ng,1,1,1
YiDB,1,1,1
self-published-geo,1,1,1
numatop,1,1,1
virtualenv-tools,1,1,1
nvidia-persistenced,1,1,1
edda,1,1,1
schemaorg-java,1,1,1
python-brotli-rs,0,0,1
mcafp,1,0,0
corgi,1,1,1
multibinder,1,1,1
zencoder,0,1,0
PayPal-Android-SDK,1,1,1
deepin-kglobalaccel,1,1,1
google-visualization-python,1,1,1
hiredis-vip,1,1,1
gifshot,1,1,1
DevArtTools,1,0,0
Sequence-Semantic-Embedding,1,1,1
mortar,1,1,1
fpc,0,1,0
nemo-accessibility,1,1,1
pam_krb5_ccache,1,1,1
rsp-sw-toolkit-im-suite-gojsonschema,1,1,1
galaxy-fds-sdk-android,1,1,1
zendesk-java-client,1,1,1
intel-hybrid-driver,1,1,1
idm,1,1,1
libavcodec-hooks,1,0,0
branch-locker,1,1,1
presto,0,0,1
NMessenger,1,1,1
simcc,1,1,1
bfs,1,1,1
brillo-edison-binaries,0,0,1
cloudinfo,1,0,0
tchannel-node,1,1,1
qemu-lite,1,1,1
ring-ui-license-checker,1,1,1
spatial-media,1,1,1
soap4r,1,1,1
AliSQL,1,1,1
Coding-Plugin-for-JetBrains,1,1,1
puppet-ca_cert,1,1,1
aactivator,1,1,1
account-provisioning-for-google-apps,1,0,0
KIF-Quick,0,1,0
teamcity-bitbucket-issues,1,1,1
brubeck,1,1,1
runAs,1,1,1
Polymorph,1,1,1
storm-yarn,1,1,1
go-mysql,1,0,0
bdglue,1,1,1
baryon,1,0,0
rubocop,1,0,0
gryffin,1,1,1
hypernova-node,1,1,1
contrail-go-api,1,1,1
synsanity,1,1,1
tc-sbt-runner,1,1,1
idris-protobuf,1,0,0
galaxy-sdk-python,1,1,1
osstrich,1,1,1
deepin-query-system,1,0,0
generate-uui,1,1,1
dex-test-parser,1,1,1
glog,1,1,1
adapt-googleanalytics,1,1,1
paypal-retail-node,1,1,1
wsgi-mod-rpaf,1,1,1
pyston-perf,1,0,0
paradox-testng,1,1,1
cocoapods-blocklist,1,1,1
identity-toolkit-java-client,1,0,0
sdk-core-php,1,1,1
seafile-vagrant,1,1,1
embedded-druid,1,0,0
yugong,1,1,1
MLSL,1,1,1
cpp-driver,1,0,0
params_deserializers,1,0,0
alibaba.github.com,1,1,1
Fanvas,1,1,1
arachne,1,1,1
nagios-plugins-hpilo,1,1,1
TeamCity.PluginTemplate,1,1,1
php-co-koa,1,1,1
teamcity-achievements,1,1,1
falcor-hapi,1,0,0
ufop-java,1,0,0
sdk-core-dotnet,1,1,1
scene_lab,1,1,1
amazon-pay-sdk-csharp,1,1,1
tmix-caching,1,0,0
beautiful-audio-editor,1,1,1
puppet-munki,1,1,1
ccnet-server,1,1,1
TDOAuth,1,1,1
teamcity-cpp,1,1,1
py-auto-resource-generator,1,1,1
node-logg,1,1,1
Providence,1,1,1
coursebuilder-core,1,0,0
poseidon,1,1,1
phabricator-changes,1,1,1
socket.io-client,0,1,0
martian-java,1,0,0
import-mailbox-to-gmail,1,1,1
mobx-router,1,1,1
dbx-unittest2pytest,1,1,1
sdk-core-java,1,1,1
Pine,1,1,1
vim-glaive,1,1,1
godepq,1,1,1
subpar,1,1,1
asciidoc-manning-templates,1,1,1
NuGet.BuildTasks,1,1,1
system-designer,1,1,1
lemur-docker,1,1,1
nogotofail,1,1,1
thrift-client,1,1,1
vim-maktaba,1,1,1
gcm,1,1,1
py-jnpr-wlc,1,1,1
qiniutest,1,1,1
cloud-dleyna,1,1,1
adaptivepayments-sdk-dotnet,1,1,1
Learning-Sharing,1,0,0
cordova-plugin-intel-xdk-geolocation,1,1,1
libgep,1,0,0
YHSShowcaseApp,1,1,1
nvthreads,1,1,1
open-falcon,1,1,1
libkv,1,1,1
a11y,1,0,0
p1_utils,1,1,1
collectd-elasticsearch,1,1,1
protobuf-dt,1,0,0
securitybot,1,1,1
ietf-cms,1,1,1
Tardis,1,0,0
subcommands,1,1,1
foedus_oa_papers,1,0,0
appframework,1,1,1
nnproxy,1,0,0
password-sync-support-tool,1,1,1
libnica,1,1,1
android-netdiag,1,1,1
merge-pull-request-trigger,1,1,1
PigPen,1,1,1
SparkMultiuserBenchmark,1,1,1
Spyglass,1,1,1
foedus_polytree,1,0,0
teamcity-tests-watchdog,1,1,1
senml,1,1,1
ycb-config,1,1,1
samples-nodejs-express-4,1,1,1
cedexis.github.com,1,1,1
kafka-statsd-metrics2,1,1,1
fast_rgf,1,1,1
vidm-saml-toolkit,1,1,1
Mess,1,1,1
teamcity-caches-cleanup-plugin,1,1,1
deepin-testcases,1,0,0
googleapps-message-recall,1,0,0
homebrew-paasta,1,0,0
tegra-uboot-flasher-scripts,1,1,1
ECFileCache,0,1,0
amazon-pay-sdk-java,1,1,1
awsobjectmapper,1,1,1
librato.dart,1,1,1
libovsdb,1,1,1
css-style-guide,1,0,0
webapps-hangonman,1,0,0
ansible-coreos-bootstrap,1,1,1
open-nti-input-syslog,1,0,0
kero-server-adapter,1,0,0
puppet-solaris_providers,1,1,1
cors-filter,1,0,0
skicka,1,1,1
fog-aws,1,1,1
TelemetryInterface,1,1,1
grafana-can-plugin,1,1,1
falcor-router-demo,1,1,1
serialization.dart,1,0,0
bazel-sonatype,1,1,1
mos-ci-deployment-scripts,1,1,1
todo-tracks,1,1,1
jsx,1,1,1
mapv,1,0,0
pagespeed-inslides,1,1,1
outsourcer,0,1,0
galaxy-sdk-cpp,1,1,1
netflix-graph,1,1,1
resharper-angularjs,1,1,1
cordova-google-play-games-services,1,0,0
celebrer,1,0,0
macops-planb,1,1,1
deepin-kernel-tools,0,1,0
dorusu-js,1,0,0
awesome-mysql-cn,1,1,1
docker-phpldapadmin,1,1,1
google-api-cpp-client,1,1,1
rappor,1,1,1
android-audio-hal,1,1,1
MPS-Contrib,1,1,1
eddystone,1,1,1
pindrop,1,1,1
jbender,1,0,0
jsx,1,1,1
dleyna-server,1,1,1
image-compression,1,1,1
blinkr,1,1,1
node-scr,1,1,1
merchant-sdk-java,1,1,1
developer.github.com,1,0,0
atm-locations-reference-app,1,1,1
nemo,1,1,1
otc-slack-broker,1,0,0
crossfilter,1,1,1
puppetlabs-stdlib,0,1,0
awesome-go-cn,1,1,1
ephemeral-port-reserve,1,1,1
tinycrypt,1,1,1
CODK-A,1,1,1
smartstack-cookbook,1,1,1
Argo,1,0,0
PayPal-Java-SDK,1,1,1
redgrep,1,1,1
webapps-tenframe,1,0,0
p2p-games,1,1,1
modshot,1,1,1
plyj,1,1,1
mce-test,1,1,1
cassette,1,1,1
swift-lmdb,1,1,1
LEGO-Pack,1,1,1
progit2-zh,1,1,1
url-search-params,1,1,1
IntelSEAPI,1,1,1
cityhash,1,1,1
edison-linux,1,1,1
saigon,1,1,1
ruby-prof,1,1,1
ibmichroot,1,1,1
celebrer-agent,1,0,0
x509test,1,1,1
docker-volume-netshare,1,1,1
webapps-countingbeads,1,0,0
amazon-instant-access-sdk-php,1,1,1
colorSchemeTool,1,1,1
s2-geometry-library-java,1,1,1
esaml,1,1,1
IntelRackScaleArchitecture,1,0,0
kannotator,1,1,1
intellij-haxe,1,0,0
cisco-yang-puppet-module,1,1,1
NuGetOperations,1,1,1
CODK-A-ARC,1,1,1
gtm-oauth,1,0,0
odo,1,1,1
zantcp-boilerplate,1,1,1
koa-restql,1,0,0
karma-gwt,0,0,1
galaxy-fds-migration-tool,0,0,1
certificate-transparency,1,1,1
blog,1,1,1
pdt-code-samples,1,1,1
yelp-python,1,1,1
MagicProgressWidget,1,1,1
pagerduty-incidents,1,1,1
systemtap-toolkit,1,1,1
goldfinch,1,1,1
mps-maven-plugin,1,1,1
checkstyle,1,1,1
ccs-caldavtester,1,1,1
rustcxx,0,0,1
teamcity-build-agents-diff,1,1,1
webkit_inspection_protocol.dart,1,1,1
mutornadomon,1,1,1
token_bind,1,1,1
pysmime,0,1,0
babel-plugin-inline-react-svg,1,1,1
jpush-swift-demo,1,1,1
griffin,1,1,1
arcanist-owners,1,1,1
dart-gl,1,1,1
Spoon-Knife,0,0,1
techreports,1,0,0
clazz-loaderz,1,1,1
apk-channelization,1,1,1
OpenBLAS,1,1,1
hpe-provisioning-aws-demo,1,0,0
merge_pyi,1,0,0
pageloader,1,1,1
yar-java,1,1,1
falcor-express-demo,1,0,0
wayland-fits,1,1,1
fido,1,1,1
puppet-samples,1,0,0
archaius,1,1,1
meta-runner-power-pack,1,1,1
chef-utils,1,1,1
macaca,1,1,1
fishhook,1,1,1
permissions-sdk-dotnet,1,1,1
bilitw,0,0,1
PayPal-Ruby-SDK,1,1,1
deepin-turbo,1,1,1
fbtftp,1,1,1
avrecode,1,1,1
wear-sensors,1,1,1
react-qiniu,1,0,0
medium-sdk-nodejs,1,1,1
jdk8u_tests,1,1,1
phpstorm-library-plugin,0,1,0
ccs-pyopendirectory,1,0,0
doubles,1,1,1
redis-shard,1,1,1
resharper-phantomjs,1,1,1
gumbo-parser,1,0,0
ibmi-db2util,1,1,1
squidwarden,1,1,1
goterm,1,1,1
rabbitmq-autocluster,1,0,0
GOS-conventions,1,0,0
traceur-compiler,1,0,0
sentry-logger,1,1,1
liquidfun,1,1,1
obi_ios_creditcard_cocoa,1,1,1
example-package-fisheryates,1,1,1
thunderbolt-software-user-space,0,1,0
pyvmomi,1,1,1
iot,1,0,0
balanced-employee-ip-agreement,1,1,1
django-ex,1,1,1
kostyor,1,1,1
apis-client-generator,1,1,1
contrail-webui-third-party,1,1,1
pre-commit,1,0,0
is-touch-device,1,1,1
modem_client,1,0,0
zperfmon,1,1,1
django-cas-ng,1,1,1
square.github.io,1,1,1
qetag,1,1,1
runtime-health,1,1,1
pytest-flakefinder,1,1,1
galaxy-fds-sdk-javascript,0,0,1
php_pgo_training_scripts,1,1,1
lua-resty-mysql,1,1,1
cordova-plugin-intel-xdk-file,1,1,1
objc-netinfo,1,0,0
contrail-neutron-plugin,1,1,1
zonify,1,0,0
templates,1,0,0
supervisor3,1,1,1
dart-json_diff,1,1,1
external-vulkan_hal,1,1,1
vulkan-cpp-library,1,1,1
page-timer,1,1,1
github-1,0,0,1
galaxy-fds-sdk-cpp,1,1,1
node-fs-extra,1,0,0
meta-security-isafw,1,1,1
ngx_token_binding,1,1,1
awesome-java-cn,1,1,1
mdrill,1,1,1
ChassisInfoFetcher,0,1,0
kazoo,1,1,1
arrow,1,1,1
youzan-sdk,1,1,1
wextracto,1,1,1
sawbuck,1,0,0
grocery-delivery,1,1,1
FlameGraph-orig,1,1,1
starter-snake-node,1,1,1
react-starter-kit,1,0,0
git-phabricator-mirror,1,0,0
acme-freight-erp,1,1,1
cordova-plugin-ocf,1,1,1
node-bigfig,1,1,1
SKA-gpu-multiscale-clean,1,1,1
iOSSecAudit,1,1,1
clerk,1,1,1
gtest-parallel,1,1,1
appsforhere,1,0,0
mezzanine,1,0,0
jpush-opensource,1,0,0
drone-firebase,1,0,0
logstash-v2,1,0,0
solaris-openstack-utils,1,0,0
deepin-kwindowsystem,1,1,1
merchant-identifier-reference-app,1,1,1
contrail-third-party-cache,1,1,1
docs,1,1,1
cli,1,1,1
readahead,1,0,0
CODK-A-Manifest,1,1,1
cmrt,1,1,1
rexxar-web,1,1,1
vroom,1,1,1
gazebo-sitl,1,1,1
compare-codecs,1,1,1
docusign.github.io,1,1,1
easeui-ios-hyphenate-cocoapods,1,1,1
adaptation,1,0,0
jsbindings,1,1,1
open-vcdiff,1,1,1
btree,1,1,1
cson-parser,1,1,1
python-adb,1,1,1
mTracker,1,1,1
OpenOCD,1,1,1
gitolite,1,1,1
CallBuilder,1,1,1
restful-jsonapi,1,1,1
adaptiveaccounts-sdk-dotnet,1,1,1
osxcollector_output_filters,1,1,1
webbluetooth-edison-demo,1,0,0
objective-c-style-guide,1,1,1
zxcvbn,1,1,1
Gander,1,0,0
climb-tracker,1,1,1
JetPass,1,1,1
denominator,1,0,0
express-csp,1,1,1
jetpack,1,1,1
puppet-sysfs,1,0,0
statkube,1,0,0
SigmaTableViewModel,1,1,1
teamcity-sysinfo-plugin,1,1,1
end-to-end,1,1,1
cocoapods-check,1,1,1
icheck,1,0,0
eleme.github.io,1,1,1
puppet-netstdlib,1,1,1
cordova-plugin-intel-xdk-base,1,1,1
orchestrator-agent,1,1,1
imagick,1,1,1
closure-library-archived,0,1,0
PinLockView,1,1,1
seafile-zimlet,1,0,0
puppet-etcd,1,1,1
nnlib,1,1,1
mps-maven-deployer,1,1,1
oraclejet-tooling,1,1,1
dynamite,1,1,1
seif-protocol,1,1,1
go.crypto,1,1,1
docker-gerrit,1,1,1
tools-sustaining,1,1,1
FacePP2-Doc,0,0,1
trebuchet,1,1,1
python-redfish-utility,1,1,1
pomelo-loader,1,0,0
almighty-core,1,0,0
parameter-framework-plugins-filesystem,1,1,1
rack-time-zone-header,1,1,1
Aardvark,1,1,1
yelp-fusion,1,1,1
cameraraw,1,0,0
qiniulab,1,1,1
lgtm,1,1,1
cocoapods-uploader,1,0,0
lightstep-tracer-ruby,1,1,1
vp9-dash,1,1,1
highwayhash,1,1,1
sortedmap,1,1,1
py,1,1,1
c,1,0,0
QMUI_Web_Desktop,1,1,1
NVMImageMaker,1,1,1
dustjs,1,1,1
WebIDE-Backend,1,1,1
teamcity-aws-codepipeline-plugin,1,1,1
alipay,1,1,1
Pebble,1,1,1
quartz,1,1,1
ShareFile-Ruby,0,0,1
netty-http2,1,1,1
cane,1,1,1
gorp,1,1,1
Illuminator,1,1,1
edison-oobe,1,1,1
aerosolve,1,1,1
webpack-dev-boilerplate,0,0,1
baicons,1,1,1
node,0,0,1
Emmagee,1,1,1
UAF,1,1,1
iuap-design-maven-project,1,0,0
finite,1,0,0
bgu,1,1,1
nodeunitq,1,0,0
libfnr,1,0,0
jetbrains-books-demos,1,1,1
libusnic_verbs,1,1,1
keystone,1,0,0
firefly,1,1,1
mtdtool,1,1,1
google-api-javascript-client,1,1,1
nemo-docs,1,1,1
wookiee-cache-memcache,1,1,1
identity-toolkit-go-client,1,0,0
ccs-twistedextensions,1,1,1
libcompose,1,1,1
atom,1,1,1
nemo-locatex,1,0,0
bless,1,1,1
python-cdb,1,1,1
transitfeed,1,1,1
crossdomain-xhr,1,1,1
nemo-fixo,1,1,1
teamcity-queue-pauser,1,1,1
ceph-qa-suite,1,0,0
fuel-plugin-openldap,1,0,0
transliteration,1,0,0
kafka,1,1,1
contrail-debug,0,0,1
tegra-uboot-scripts,1,0,0
libphutil,1,0,0
qrn-remax-unir,1,1,1
contrail-kubernetes,1,0,0
cmockery,1,1,1
bbr,1,1,1
bottle,0,1,0
openjdkquartz,0,0,1
robotium,1,1,1
YZSpamFilter,1,1,1
react-treeview,1,1,1
omc-mobile-sdk-samples,1,0,0
nacl-multicast-streaming,1,0,0
tengine-website-generator,1,1,1
libva-h264,0,0,1
kefu-android-demo,1,1,1
chronos,0,1,0
CODK-A-Bootloader,1,1,1
charted,1,1,1
web-starter-kit,1,1,1
login-with-amazon-oscommerce,1,1,1
cat.net,1,0,0
pyrios,1,1,1
mochiweb,1,0,0
node-mod_status,1,1,1
winpty,1,1,1
nemo-drivex,1,0,0
ringdroid,1,0,0
url-polyfill,1,1,1
whalesay,1,1,1
selenium-download,1,1,1
ioweb2015,1,0,0
DOUAudioStreamer,1,1,1
certdump,0,1,0
jmessage-api-java-client,1,1,1
tfmesos,1,1,1
swift-3-api-guidelines-review,1,0,0
dagger-intellij-plugin,1,0,0
testimony,1,1,1
bert,1,1,1
safestringlib,1,1,1
darwin-libpthread,0,1,0
TeamCity.Widgets,1,1,1
awesome-wechat-dev-posts-2015,1,1,1
zxcvbn-ios,1,1,1
tengine-website,1,1,1
appdna,1,1,1
reagera,1,0,0
quasar-thrift,1,1,1
checkers,1,0,0
CODK-M-X86-Samples,1,1,1
flow,1,1,1
gazebo-realsense,1,1,1
staash,1,0,0
biliobs,1,0,0
YLTableView,1,1,1
gorocksdb,1,1,1
sparkles-legacy,0,1,0
speech-samples,1,1,1
ossfs,1,1,1
capsicum-test,1,1,1
teamcity-azure-active-directory,1,1,1
redhat-sso-boms,1,1,1
python_portpicker,1,1,1
pynvrtc,1,1,1
puppetlabs-xinetd,1,1,1
file-system-stress-testing,1,0,0
hawqeye,0,1,0
a10_monitoring,1,1,1
ansible-kubernetes-ca,1,1,1
k8srnd-sockshop-front-end,1,1,1
requirements-tools,1,1,1
git-stacktrace,1,1,1
k8srnd-sockshop-carts,1,1,1
templatekit,0,0,1
rack-servlet,1,1,1
vim-syncopate,1,1,1
jmessage-ios-pod,1,1,1
SKA-gpu-stefcal,1,0,0
LDNetDiagnoService_IOS,0,1,0
l3dsr,1,1,1
gtm-http-fetcher,1,1,1
lopper,1,1,1
irk_host_linux,1,0,0
FEL,1,1,1
android-DownloadSDK,0,0,1
react-native-deprecated-modules,1,1,1
osxcollector,1,1,1
okta-mobile-connect,1,0,0
universal-dash-transmuxer,1,1,1
spring-social-paypal-openidconnect,1,1,1
stress_transfer,1,0,0
jmessage-android-samples,0,0,1
kythe-cloud9,1,0,0
android-emulator-hypervisor-driver-for-amd-processors,1,1,1
ember-computable,1,1,1
netns,1,1,1
resharper-nuget,1,1,1
Igvtg-qemu,1,1,1
galaxy-sdk-go,1,1,1
git-appraise,1,1,1
puppet-redis_sentinel,0,1,0
websensor-compass,1,1,1
chef-ilorest-cookbook,1,1,1
uri.dart,1,1,1
libcrange,1,0,0
net-netconf,1,1,1
play-work,1,1,1
tengine_exporter,1,1,1
teamcity-clearcase,1,1,1
sales-cloud-with-paas-samples,1,1,1
webapps-make-a-monster,1,0,0
tcap,1,0,0
dropbox-api-spec,1,1,1
parameter-framework-plugins-alsa,1,0,0
astyanax,1,1,1
browser-shims,1,1,1
groupcache,1,1,1
omakase,1,1,1
intellij-deps-HunspellJNA,1,1,1
jasy-compat,1,1,1
intel-arduino-updater,1,1,1
eslint-config-netflix,1,1,1
zanphp.io,1,1,1
heroku-buildpack-bazel,1,0,0
gobeansdb,1,1,1
ibm-cos-sdk-python-s3transfer,1,1,1
mpxcheck,1,0,0
dropbox_hook,1,1,1
Lipstick,1,1,1
kafel,1,1,1
receiver-html5-sdk,1,1,1
chef-hprest-cookbook,1,1,1
jna-gmp,1,1,1
poi-footprints,1,0,0
multichase,1,1,1
ecx-docker,1,1,1
weui-wxss,1,1,1
puppet-package_purging,1,1,1
jirafy,1,1,1
delivery-controller-sdk,1,1,1
sqlcipher,1,1,1
medium-wordpress-plugin,1,1,1
northshore,1,0,0
resteasy-spring-boot,1,1,1
awesome-php-cn,1,1,1
karyon,1,1,1
identity-toolkit-node-client,1,0,0
yetch,1,1,1
support-tools,1,0,0
spaniel,1,1,1
teamcity-priority-queue,1,1,1
san-update,1,1,1
cameraview,1,1,1
preceptor-reporter,1,1,1
qfetch,1,1,1
linden,1,1,1
resharper-plugins,1,1,1
metrics-collector-client-node,1,1,1
xlc-community-edition-dockerfile,1,1,1
redislite,1,1,1
firing-range,1,1,1
pinlater,1,1,1
python-fanotify,1,1,1
safety-goggles,1,1,1
jndn-utils,1,1,1
physical-web,1,1,1
Workflowable,1,0,0
transform360,1,1,1
intel-arduino-tools,1,1,1
lopq,1,1,1
db-charmer,1,0,0
geosense,1,1,1
FlameGraph,1,1,1
soynode,1,1,1
webseclab,1,1,1
hraven,1,1,1
docpack,1,1,1
jscin,1,1,1
kaldi-ctc,0,1,0
behaviac,1,1,1
rx-aws-java-sdk,1,1,1
DASTProxy,1,1,1
election-au-2016,1,1,1
vertx-utils,1,1,1
fiovisualizer,1,1,1
wicked-good-xpath,1,1,1
uchiwa,1,0,0
flvbind,0,1,0
twitter-korean-text,1,1,1
pinterest-api-demo,1,1,1
go-circuits,1,0,0
rmux,1,1,1
MarkupOC,1,0,0
phptrace,1,1,1
api.v6,1,0,0
satt,1,1,1
netconf-call-home,1,1,1
weex_js_engine,1,1,1
yelp_cheetah,1,1,1
serviceping,1,1,1
ember-nf-graph,1,1,1
tinper-neoui-polyfill,1,1,1
jstorm,1,1,1
dw-vldb-samples,1,1,1
TextLayoutBuilder,1,1,1
treasures,1,1,1
scala_school2,1,1,1
teamcity-usage-statistics,1,1,1
go-bindata,1,1,1
monitr,1,1,1
facepp-ios-sdk,1,1,1
TProfiler,1,1,1
ffmpeg_libyami,1,1,1
jdbc-driver,1,1,1
CODK-Z,1,1,1
api-parent-pom,1,1,1
code-of-conduct,1,1,1
torch-cunn,1,0,0
pem,1,1,1
django-post_office,1,1,1
buxton,1,1,1
cpython-pt,1,1,1
protocall,1,0,0
ansible-fleet-cluster,1,1,1
nemo-example-app,1,1,1
natasha,1,0,0
resharper-sample-patterns,1,1,1
node-hbase-client,1,1,1
shared-store,1,1,1
hpe-nv-java,0,0,1
jetpad-projectional-open-source,1,0,0
contrail-sandesh,1,1,1
codemirror-contrib,1,1,1
textfsm,1,1,1
nerve,1,1,1
iotg-yocto-bsp-public,1,1,1
rides-ios-sdk,1,1,1
Storefront-API-Android-Sample,1,0,0
ThumborURL,1,1,1
acat,1,1,1
jpush-api-python-client,1,1,1
joauth,1,1,1
recipe-010-webhook-python,1,1,1
libpam-policycache,1,1,1
salesforce.github.io,1,1,1
etc2comp,1,1,1
inception,0,1,0
yelp.github.io,1,1,1
invm-frameworks,1,1,1
golang-net,1,0,0
nvidia-installer,1,1,1
brailleback,1,1,1
google-api-java-client-samples,1,1,1
react-with-styles-interface-react-native,1,1,1
hpc-speedometer,1,1,1
hackpad,1,1,1
gordon,1,1,1
linux-sensor,1,0,0
parallec,1,1,1
react-pinterest,1,1,1
agata,1,0,0
u2f-ref-code,1,1,1
amazon-pay-sdk-php,1,1,1
maketrace,1,0,0
mozc-devices,1,1,1
logger,1,1,1
training-utils,1,1,1
butterknife,1,1,1
ShareFile-Java,1,1,1
emacs4ij,1,1,1
vpx-image-transport,1,1,1
light-my-piano,1,1,1
fdk-debug-agent,1,0,0
adaptivepayments-sdk-ruby-deprecated,1,1,1
mpgc,0,1,0
q,1,1,1
wwgc,1,1,1
golang-scribe,1,1,1
jit-spray-poc-for-ksp,1,1,1
gradle_plugin_android_aspectjx,1,1,1
access-bridge-explorer,1,0,0
eslint-config-netflix-dea,1,1,1
brubeck,1,1,1
ocr,1,0,0
android-times-square,1,1,1
cat,1,1,1
mock-meddleware,1,1,1
REAPER,1,1,1
medium-policy,1,1,1
cloudhopper-commons,1,1,1
infra-structured-map,1,1,1
HJMURLDownloader,1,0,0
coffee-script-debug-example,0,1,0
blockly-repo,1,1,1
twitter-cldr-npm,1,1,1
web-client-benchmark,1,1,1
galaxy,1,1,1
search-samples,1,0,0
winex_lgpl,1,1,1
node-qradar-audit-logs-middleware,1,1,1
twemcache,1,1,1
teamcity-agent-info,1,1,1
golang-socketio,1,1,1
infinity-cutycapt,0,1,0
merchant-sdk-dotnet,1,1,1
gofuzz,1,1,1
arc-jazzy-linter,1,0,0
docker-scripts,1,0,0
ffmpeg-android,1,1,1
keywhiz-fs,1,1,1
region-flags,1,1,1
fatcache,1,1,1
KNVProtoEngine,1,1,1
irstessi,1,1,1
PromiseKit,0,1,0
falcor-json-graph,1,1,1
SeLion,1,1,1
vijava,1,1,1
iconv,1,1,1
send_nsca,1,0,0
perfect-chisel,1,1,1
dd-agent,0,0,1
react-framestats,0,0,1
dbxcli,1,1,1
vizceral-example,1,1,1
battery-historian,1,1,1
PayPal-NET-SDK,1,1,1
arc-xcode-test-engine,1,1,1
PyCharlockHolmes,1,1,1
thor,1,1,1
instantsearch-tutorial,1,0,0
wireless-tools,1,0,0
rust-alloc-no-stdlib,1,1,1
pty.js,1,0,0
science-journal-arduino,1,1,1
phrase,1,1,1
teamcity-vault-vcs,1,1,1
solar-resources,1,0,0
solaris-chef-cookbook,1,1,1
bonsai,1,0,0
kingpin,1,1,1
core,1,1,1
web-bsd-hunt,1,1,1
thunderbolt-nvm-linux,1,1,1
ion-eclipse-plugin,1,1,1
hbc,1,1,1
QSunSync,1,1,1
cnmem,1,1,1
service-principles,1,1,1
h5vcc_hh,1,0,0
DotCi-Plugins-Starter-Pack,1,0,0
flo,1,1,1
discourse-tagging,1,0,0
sdk-core-php,1,1,1
cssi-blogasaurus,1,1,1
PayPal-Legacy-Java-SDK,1,1,1
nitrox,1,1,1
cpp-frp,1,1,1
letsencrypt,1,1,1
nquery,1,1,1
uniflow-polymer,1,1,1
ShareFile-Macro-API,1,1,1
puppet-xtrabackup,1,1,1
citrix-hypervisor-sdk,1,1,1
channel-id-enclave,0,0,1
twemproxy-vip,1,0,0
torch7,0,1,0
quinn,1,1,1
runway-model-bookkeeper,1,1,1
la-clojure,1,1,1
fabricator,1,0,0
galaxy-sdk-php,1,1,1
rocc-software,1,1,1
vivace,1,1,1
contrail-build,1,1,1
kmond,1,1,1
jmessage-unity3d-plugin,0,0,1
proto-quic,1,1,1
prodeng,1,1,1
redirfs,1,1,1
phxpaxos,1,1,1
geovelo,1,0,0
google.github.io,1,1,1
vim-ft-go,1,1,1
puppet-zuul,1,1,1
iotg-lin-gfx-ddx,1,1,1
gmail-oauth2-tools,1,1,1
widl-nan,1,1,1
log4jdbc-log4j2,1,1,1
rangeclient,1,1,1
WeFlow,1,1,1
security-bulletins,1,1,1
mongosync,1,1,1
dbatman,1,0,0
cryo,1,0,0
MagiQL,1,1,1
ansible-etcd-ca,1,1,1
git-appraise-web,1,1,1
postman-collections,1,1,1
intel-iot-services-orchestration-layer-dev,1,0,0
qrisp,1,0,0
ClusterRunner,1,0,0
websandbox,1,1,1
seafile-server-installer-cn,1,1,1
parameter-framework-samples,1,1,1
request-test,1,1,1
mobx,1,0,0
prerender-test,1,1,1
iasimage,1,1,1
changes-mesos-framework,1,0,0
groupy,1,1,1
seafile-python-api-examples,1,0,0
template,1,1,1
webapps-annex,1,0,0
pygear,1,1,1
gh-kit,1,1,1
MWPhotoBrowser,1,1,1
Zebra,1,1,1
passport-wso2,1,1,1
nemo-core,1,1,1
preceptor-webdriver,1,1,1
lordofpomelo,1,1,1
memkeys,1,1,1
fumble,1,1,1
mic,1,1,1
emchat-server-examples,1,1,1
squires,0,1,0
netconf-java,1,1,1
hypernova-aphrodite,1,1,1
kagome,1,1,1
fuel-plugin-external-ceph,1,0,0
powerclicore,1,1,1
login-with-amazon-wordpress,1,1,1
runway-model-elevators,1,1,1
blink-diff,1,0,0
hack-fdu-2016,1,0,0
ratekeeper-neutron-ml2-plugin,1,0,0
go,1,0,0
happy-dns-objc,1,1,1
teamcity-dottrace,1,1,1
ccp-docker-gerrit,1,1,1
json11,1,1,1
macops-MOLAuthenticatingURLSession,1,1,1
metrics-collector-client-python,1,1,1
wookiee-spray,1,1,1
wookiee-cluster,1,1,1
google-api-objectivec-client,1,1,1
fmw-chef-cookbook,1,1,1
puppet-vault,1,1,1
sevnup,1,1,1
learn.github.com,1,1,1
classes,1,1,1
open-vmdk,1,1,1
Amigo,1,1,1
kernel-sanitizers,1,1,1
ironic-oneviewd,1,1,1
node-cached,1,1,1
webview-local-server,1,1,1
teamcity-xml-tests-reporting,1,1,1
idlf,1,0,0
goprotowrap,1,1,1
lhttpc,1,1,1
puppetlabs-aws,1,1,1
core,1,1,1
bender,1,1,1
goprotobuf,1,0,0
deepin-theme-bucket,1,0,0
identity-toolkit-ruby-client,1,0,0
sbt-ide-settings,1,1,1
wookiee-metrics,1,1,1
flutter_flux,1,1,1
swf2ccb,1,1,1
example-package-deckofplayingcards,1,1,1
pino-couch,1,1,1
react-vis-force,1,1,1
deepin-sound-theme,1,1,1
iuap-content,1,0,0
hubot-pager-me,1,1,1
ruby-gpgme,1,1,1
zanhttpdemo,1,1,1
python-celebrerclient,1,0,0
amazon-pay-sdk-python,1,1,1
p1_yaml,1,1,1
hackathon-Embeditor,1,1,1
inspect,1,1,1
macOS-Security-and-Privacy-Guide,1,1,1
promise,1,1,1
seafile-release-tools,1,1,1
sails-mssql,1,1,1
gwtmockito,1,1,1
android-key-attestation,1,1,1
Winder,1,1,1
riffed,1,1,1
google-id-token,1,1,1
cordova-plugin-emm-app-config,1,1,1
virtual-storage-manager,1,1,1
iotg-lin-gfx-gstreamer-vaapi,1,1,1
syncodecs,1,1,1
phpstorm-base-project,1,1,1
web-po2json,1,1,1
sprockets,1,1,1
gitextensions,0,1,0
tcpauth,1,1,1
simple-reinforcement-learning,1,1,1
easeui-ios-cocoapods,1,0,0
stijl,1,1,1
parcelgen,1,1,1
moles-packer,1,0,0
erg,1,1,1
omniauth,1,1,1
WebIDE-Frontend-Webjars,1,1,1
s2i-dotnetcore-ex,1,1,1
zopfli,1,1,1
tc-vso-rooms,1,1,1
ci-ijk-ffmpeg-ios,1,1,1
arc-regex-line-length-linter,1,0,0
rfmt,1,0,0
blitz4j,1,1,1
codeburner,1,1,1
webpack-parse-query,0,0,1
instant-hangouts,1,0,0
cluster-scheduler-simulator,1,1,1
libco,1,1,1
keyczar,1,1,1
CoMD-CUDA,1,1,1
hr-opensource,1,0,0
bootstrap-accessibility-plugin,1,1,1
metrics-collector-service,1,1,1
photon-docker-image,1,1,1
python-invariant,1,0,0
test-butler,1,1,1
puppet-uchiwa,1,1,1
macops-keychainminder,1,1,1
coding-activeness-graph-widget,0,0,1
corelibs-galileo,1,1,1
camus,1,0,0
zeno,1,1,1
libnvwal,1,1,1
ohnogit,1,0,0
santa-tracker-android,1,1,1
cat2,1,0,0
closure-compiler-js,1,1,1
tmix-security,1,1,1
docker-tools-container,1,0,0
ngx_http_ipip_module,1,1,1
rust-brotli-decompressor,1,1,1
xenserver-sdk,1,1,1
goldrush,0,1,0
d3,0,1,0
splunk-app-pvs,1,1,1
mobly-snippet-lib,1,1,1
jsms-api-csharp-client,1,1,1
kochiku-worker,1,1,1
strongpoc,1,0,0
gps-measurement-tools,1,1,1
pagerduty-monit,1,1,1
resharper-rider-samples,1,1,1
smart-modem-manager,1,1,1
ansible-coreos-setup,1,1,1
android-iio-sensors-hal,1,1,1
midi-dump-tools,1,1,1
open-network-insight,1,0,0
facepp-python-sdk,1,1,1
contrail-heat,1,1,1
pages-builder-jekyll,1,0,0
qg.core,1,1,1
fwupdate,1,1,1
google-api-ruby-client-samples,1,1,1
clarity-city,1,1,1
qrn-remax-unir-demo,1,1,1
react-portal,1,1,1
braintree-encryption,1,1,1
Ackbar,1,0,0
wiki,1,0,0
changes-artifacts,1,0,0
dynamex-proto,0,0,1
build-chain-export,1,1,1
zent-kit,1,1,1
cordova-plugin-intel-xdk-notification,1,1,1
libwatchman,1,1,1
awesome-web-dev-books,1,1,1
go-nfs-client,1,1,1
bluesky-watchface,1,0,0
mos-horizon,1,0,0
google-authenticator-android,1,1,1
ruby-sdk,1,1,1
spin-test,1,1,1
databus,1,1,1
xr-telemetry-m2m-web,1,0,0
git_flo,1,1,1
banana_phone,1,0,0
vizceral,1,1,1
refocus-ldk,1,1,1
douban-objc-client,1,0,0
manticore-native,1,1,1
CitrixDirector-PluginSample,1,0,0
TrafficServer,1,1,1
reconbf,1,0,0
jmessage-api-php-client,1,1,1
morphie,1,0,0
tinper-uba,1,1,1
minnowboard-bootloader,1,0,0
bird-containers,1,1,1
rough,1,0,0
awesome-dotnet-cn,1,1,1
CodingGame,1,1,1
Posh-Nessus,1,1,1
xmlservice,1,1,1
dleyna-collabora-android,1,1,1
contrail-ci-test,1,1,1
WebIDE,1,1,1
cloudflare-go,1,1,1
grunt-oraclejet,1,1,1
python3-simplepam,1,1,1
files.dart,1,1,1
frigga,1,1,1
compute-cloud-service-demos,1,0,0
happy-dns-java,1,1,1
URL-Detector,1,1,1
statsd-ruby,1,0,0
angular-elastic,1,1,1
resharper-vsix,1,1,1
archive-patcher,1,1,1
jchat-ios,1,1,1
swift-style-guide,1,1,1
teamcity-invitations-plugin,1,1,1
macops-molcertificate,1,1,1
gojsondiff,1,1,1
webapps-shopping-list,1,0,0
FE-Blog,0,1,0
wqs,1,1,1
ubuntu-packaging-nvidia-modprobe,1,1,1
kafka-logger,1,1,1
nemo-screenshot,1,1,1
closure-linter,1,1,1
wds,1,1,1
environment_tools,1,1,1
nemo-view,1,1,1
nedis,1,0,0
replicate,1,1,1
sdk-packages,1,1,1
adaptiveaccounts-sdk-java,1,1,1
usnic_tools,1,1,1
telegraf,0,1,0
ios-twitter-logging-service,1,1,1
undebt,1,1,1
effectivescala,1,1,1
ec2instances.info,1,0,0
mssh,1,1,1
grange,1,1,1
PayPal-Cordova-Plugin,1,1,1
iep-shadow,1,1,1
rich-test-results,1,1,1
box2d.dart,1,1,1
jmessage-api-python-client,1,1,1
metrics-api,1,1,1
webapps-scientific-calculator,1,0,0
octopus,1,0,0
torch-nccl,0,0,1
puppet-sudo,1,0,0
jupyterhub,1,0,0
widgets,1,1,1
common,1,1,1
ilo-sdk-ruby,1,1,1
godropbox,1,1,1
opencompose-old,1,0,0
secure-filters,1,1,1
puppet-snmp,1,1,1
websensor-ambient-map,1,1,1
blockly-tools,1,1,1
kostyor-openstack-ansible,1,1,1
fuel-plugin-lcm,1,0,0
vim-jsonnet,1,1,1
elegant-underline,0,0,1
llama-archive,1,1,1
cordova-plugin-intel-xdk-accelerometer,1,1,1
contrail-puppet-thirdparty,1,0,0
uber-licence,1,1,1
synergyfinderengineered,1,1,1
topdown-btg-preordering,1,0,0
protobuf,0,0,1
mi-reinforcement-learning,1,1,1
ldpush,1,1,1
WeTest-Assistant,1,1,1
celery-once,1,0,0
yavijava,1,1,1
Design-Grid-Overlay,1,1,1
PayPal-node-SDK,1,1,1
AppSecurityApi,1,0,0
rcproxy,1,1,1
node-thrift-protocol,1,1,1
cordova-plugin-intel-xdk-contacts,1,1,1
adaptivepayments-sdk-php,1,1,1
nyc,1,0,0
captain-hook,1,0,0
webapps-numeroo,1,0,0
pinball,1,1,1
guava-js-umd,1,1,1
intellij-deps-ssh-nio-fs,1,1,1
libpomelo2,1,0,0
brownant,1,1,1
uintr-ipc-bench,1,1,1
vim-nasl,1,1,1
react-engine,1,1,1
cocoapi,1,1,1
mirror,1,1,1
mocha-intellij,1,1,1
sparkle,1,1,1
EBNObservable,0,1,0
serviceguard,1,1,1
appengine-phabricator,1,0,0
semian,1,1,1
go-zookeeper,1,1,1
optica,1,1,1
qwebtesttool,1,0,0
denial-by-dns,1,1,1
qim-emacs,1,1,1
SimbaPipelines,1,1,1
awesome-android-cn,1,1,1
safe-html-types,1,1,1
flutter-data,1,0,0
babel-plugin-dynamic-import-webpack,1,1,1
node-log4js-qradar-syslog-appender,1,1,1
tars,1,1,1
AspectJX-Demo,1,1,1
pygtrie,1,1,1
darwin-libplatform,0,1,0
uber-ngen,1,0,0
workspace-html5-hdx-sdk,1,1,1
adaptiveaccounts-sdk-php,1,1,1
rack-geo,1,1,1
nasl,1,1,1
support,1,0,0
squidb,1,1,1
open,1,1,1
python-neutronclient,0,1,0
XenGT-Preview-xen,1,1,1
erlang_multi_pollset,1,0,0
open-nti-kafka-consumer,1,0,0
shipshape,1,1,1
oneview-monasca,1,1,1
invoice-sdk-ruby,1,1,1
permissions-sdk-php,1,1,1
puppet-aptly,1,1,1
vim-codereview,1,1,1
sqlbrite,1,1,1
iot-edge-sdk-for-iot-parser,1,1,1
pymegacli,1,0,0
YCSB,1,0,0
puppetupdate,1,1,1
swift-protobuf-test-conformance,1,0,0
hodman,1,1,1
apcu,1,1,1
docusign-objc-client,1,1,1
seismic,1,1,1
codar-ce,0,0,1
teamcity-docker-agent,1,1,1
galaxy-fds-sdk-java,1,1,1
virtualdesktops-extension,1,1,1
ibm-cos-sdk-python,1,1,1
json-schema-validator,1,1,1
ikgt-usage,1,1,1
zooshi,1,1,1
nn,1,1,1
big-data-lite,1,1,1
message-catalog-manager,1,1,1
libyami-utils,1,1,1
ios-network-diagnose-app,1,0,0
tsdv,1,0,0
ceph-cm-ansible,1,0,0
mysql_perf_analyzer,1,1,1
csp-evaluator,1,1,1
vertx-memcache,1,1,1
ion-intellij-plugin,1,1,1
youtrack-rest-ruby-library,1,1,1
android-school,1,1,1
PhotoWatch,1,1,1
gproc,1,1,1
google-input-tools,1,0,0
jodis,1,1,1
node-limits,1,1,1
iuap-design-language,1,0,0
depan,1,1,1
emoji4unicode,1,1,1
gfw-deployments,1,1,1
rbenv-autohash,1,1,1
dleyna-diagnostics,1,1,1
LinuxTelemetry,1,1,1
TLS-update,1,1,1
jsonpipe,1,1,1
deepin-plymouth,1,1,1
tormenta,1,1,1
inviso,1,1,1
kv-assessment-tool,1,0,0
data_pipeline,1,1,1
fchan-go,1,1,1
VSCodeDebugger,0,0,1
network-mapper,1,1,1
terminator,1,0,0
websensor-vr-button,1,1,1
MagicDrag,0,0,1
ikgt-manifest,1,1,1
eslint-plugin-react-with-styles,1,1,1
recipe-010-webhook-java,1,1,1
intel-iot-services-orchestration-layer,1,0,0
otc-pagerduty-broker,1,1,1
cisco-network-chef-cookbook,1,1,1
rongcloud-web-im-sdk-v2,0,0,1
luminol,1,1,1
docker-machine-oneview,1,1,1
fast-uglifyjs-plugin,1,1,1
ccs-pykerberos,1,1,1
second-control-probability-distributions,1,0,0
global-tunnel,1,1,1
codemirror.dart,1,1,1
sqlparse,1,0,0
packet-queue,1,0,0
JetBox,1,1,1
pbba-merchant-button-library-ios,1,1,1
pt-online-schema-change-plugins,1,0,0
dleyna-renderer,1,1,1
opa-libhfi1verbs,1,1,1
vizceral-example,1,1,1
aws-s3,1,1,1
ios-resources-review,1,0,0
hypernova-ruby,1,1,1
docker-jenkins,1,1,1
paypal-access,1,0,0
jsaction,1,1,1
nemo-browsermob-proxy,1,1,1
biosdevname,1,1,1
python-argusclient,1,1,1
GZinga,1,1,1
api-build-resources,1,1,1
ttyspy,1,1,1
pair,1,1,1
swift-style-guide,1,1,1
pyswf,1,1,1
seafobj,1,1,1
mentorships,1,1,1
iweb-tool-demo,1,0,0
wear-screeninfo,1,1,1
hiccup,1,1,1
vizceral-react,1,1,1
sdk-core-ruby,1,1,1
player-ffmpeg-yami,1,0,0
rtc-video-quality,1,1,1
teamcity-github-auth,1,1,1
solution-for-international,1,0,0
zsync4j,1,1,1
AliSQLBackup,1,0,0
recipe-010-webhook-csharp,1,1,1
sublimetext-nasl,1,1,1
plax,1,1,1
pomelo,1,1,1
pyquicklz,1,1,1
packer-builder-xenserver,1,1,1
handlebars-php,1,1,1
cluster-data,1,1,1
PonyDebugger,1,1,1
backpack,1,0,0
wire-gradle-plugin,1,1,1
freeline,1,1,1
oid,1,1,1
sre_yield,1,1,1
pygerduty,1,1,1
ycb-java,1,1,1
yelp-ios,1,1,1
python-aptly,1,1,1
auto-value-redacted,1,1,1
go-tspi,1,1,1
threatshell,1,1,1
intellij-deps-jdom,1,1,1
asyncload,1,1,1
cjose,1,1,1
dschedule,1,0,0
yelp-android,1,1,1
deepin-wallpapers,1,1,1
zguide-cn,1,1,1
bsd-cloudinit-installer,1,1,1
graphite-kenshin,1,1,1
named_decorator,1,1,1
ImageOptimizationWeb,1,1,1
go-connections,1,1,1
acme-freight,1,1,1
webstorm-samples,1,1,1
numpy,0,1,0
msr-tools,1,1,1
ringpop-go,1,1,1
Forma,1,0,0
iotg-lin-gfx-libva,1,1,1
apibrowser,1,1,1
ion-python,1,1,1
git-pull-request-mirror,1,1,1
chatofpomelo-websocket,1,1,1
okreplay,1,1,1
PalDB,1,0,0
graphql-batch,1,1,1
pixiecore-installers,0,1,0
arduino101_kconfig,1,0,0
gofer-proxy,1,1,1
jni4android,1,1,1
f2s,1,0,0
helix,1,0,0
WebpConvert_Gradle_Plugin,1,0,0
teamcity-minimal-dockerfile,0,0,1
restricted-input,1,1,1
nilo,1,1,1
SKA-gpu-grid,1,1,1
kestrel,1,0,0
junoscriptorium,1,1,1
nej,1,1,1
teamcity-symbol-server,1,1,1
pyxcli,1,1,1
shift,1,1,1
docusign-soap-sdk,1,1,1
awesome-design-cn,1,1,1
data_pipeline_avro_util,1,1,1
macops,1,1,1
mos-tempest-runner,1,0,0
upgrade-framework,1,1,1
mysql-parser,1,1,1
microservices-by-example-source,0,0,1
homebrew-bottles,1,0,0
pinrepo,1,1,1
jsms-api-php-client,1,1,1
pblog,1,0,0
QiniuImageLoader,1,1,1
TeamCity.WidgetsPlugin,1,1,1
ansible-flannel,1,1,1
k8srnd-sockshop-catalogue,1,1,1
android-arscblamer,1,1,1
psm,1,1,1
terraform,0,0,1
express-busboy,1,1,1
mysql_utils,1,1,1
node-igc-rest,1,1,1
indexable-pwa-samples,0,0,1
SimianArmy,1,1,1
othw,1,1,1
minos,1,1,1
kefu-scripts,1,1,1
teamcity-log4j,1,1,1
teamcity-environment-fetcher,1,1,1
metrics-client-go,1,1,1
parallec-plugins,1,0,0
Chocolatey,1,1,1
wax,1,1,1
galaxy-fds-sdk-golang,1,1,1
jndn-mock,1,1,1
scooter,1,1,1
caffe,1,0,0
user-group,1,0,0
c-sdk-for-windows,1,1,1
simpleel,1,1,1
puppet-contrail,1,1,1
pbba-merchant-button-library-web,1,1,1
query-playback,1,1,1
lightstep-tracer-javascript,1,1,1
backbeat_ruby,1,0,0
hunspell-dictionaries,1,1,1
TestReportCenter,0,0,1
simplecfg,1,0,0
gtm-oauth2,1,1,1
henge,1,0,0
preceptor-core,1,1,1
u2f-api,1,1,1
kylie,1,1,1
paypal-here-ios-jasidepanels,1,1,1
tvb,1,0,0
android-gradle-dsl,1,1,1
trapperkeeper,1,1,1
changes,1,0,0
nasldoc,1,1,1
dtask,1,1,1
contentbox,1,1,1
adaptiveaccounts-sdk-ruby,1,1,1
go-socket.io,1,1,1
cauliflowervest,1,1,1
fancy-regex,1,1,1
reginabox,1,1,1
NATTools,1,0,0
teamcity-github-issues,1,1,1
qmsi,1,0,0
infinity-ios-sdk,1,1,1
buttonmanager-sdk-php,1,1,1
ratekeeper-kmod,1,0,0
libtcs,1,0,0
pkcs11test,1,1,1
parallec-samples,0,0,1
shuttle,1,1,1
dart-glfw,1,1,1
httpmetrics,1,0,0
resharper-xunit-templates,1,1,1
kirk,1,1,1
ufop-golang,1,0,0
docusign-esign-php-client,1,1,1
kobold-core,1,1,1
dotmemory-demos,1,1,1
servo,1,1,1
marionette-collective,0,1,0
jxmlease,1,1,1
hoosegow,1,1,1
galaxy-fds-sdk-php,1,1,1
ta-pixel-demo,1,0,0
uchiwa-build,1,0,0
generator-nemo,1,0,0
java-starter-kit,1,0,0
neoui-mobile,1,0,0
xml,1,1,1
python-flask-hello,1,1,1
stenographer,1,1,1
nvidia-query-resource-opengl,1,1,1
binplist,1,1,1
chaps-linux,1,1,1
icamerasrc,1,1,1
otc-saucelabs-broker,1,1,1
juise,1,1,1
carfac,1,1,1
recipe-010-webhook-node,1,1,1
der-ascii,1,1,1
ansible-coreos-autofs,1,1,1
go-reminders,1,1,1
ion,1,1,1
AALSDK,1,1,1
Theano,0,1,0
swagger_zipkin,1,1,1
go-events,1,1,1
omniauth-coding,0,1,0
memcached,1,1,1
emacs-nasl,1,1,1
Law,1,1,1
percona-server,0,1,0
dateglob,1,1,1
fluent-plugin-statsd,1,1,1
built_json.dart,1,0,0
macops-molcodesignchecker,1,1,1
android-classyshark,1,1,1
babel-preset,1,1,1
vim-colorscheme-primary,1,1,1
dualhttp,1,0,0
go-opstocat,1,0,0
php-nsq-client,1,1,1
ikgt-core,1,1,1
gdata-python-client,1,0,0
Atlas,1,1,1
Neutrino,1,1,1
stun,1,1,1
awesome-programming-books,1,1,1
dial-reference,1,1,1
nvd3,0,1,0
zent-seed,1,1,1
falcor-restify,1,1,1
paypal.github.com,1,1,1
teamcity-swabra,1,1,1
gofountain,1,0,0
teamcity-process-output-parsers,1,1,1
nemo-wd-bridge,1,0,0
pomelo-admin,1,1,1
permissions-sdk-java,1,1,1
medium-sdk-python,1,1,1
mos-coverage,1,0,0
go-sq-metrics,1,1,1
RTran,1,1,1
thrift-php,1,1,1
nlpljs,1,0,0
fe-guide,1,1,1
runway-model-toomanybananas,1,1,1
lightbeam,0,1,0
dleyna-connector-dbus,1,1,1
haeinsa,1,1,1
cornerstoneWebImageLoader,1,1,1
google-drive-proxy,1,1,1
dart2java,1,0,0
hover,1,1,1
webapps-todo-list,1,0,0
OptiKeyWiki-ZH,1,1,1
navc,1,1,1
generator-goro,1,0,0
CodeX,1,1,1
puppet-kafka,1,1,1
pbba-merchant-button-library-android,1,1,1
play-parseq,1,1,1
sandpiper,1,1,1
vdpau-hevc-example,0,0,1
elasticsearch-py,1,1,1
gcmd,1,1,1
medium-logos,1,1,1
between-meals,1,1,1
PJFDataSource,1,1,1
digitalassetlinks,1,1,1
storefront-sdk,1,1,1
MOE,1,1,1
energystrategies,1,1,1
robo-remote,1,1,1
iOS-netdiag,1,1,1
medium-api-docs,1,1,1
typed-request-client,1,1,1
mobx-react-devtools,1,0,0
SimpleAL,1,1,1
vulnreport,1,1,1
schematizer,1,0,0
mongo,0,0,1
tamper,1,1,1
mira-ceph-ansible,1,1,1
ciao-webui,1,1,1
ins,1,1,1
Updates-for-OSS-Performance,1,1,1
nvt,1,1,1
FRDIntent,1,1,1
websensor-sensor-info,1,1,1
mobile-persistence,1,0,0
teamcity-rake,1,1,1
ipaddr-py,1,1,1
puppet-omnibus,1,1,1
intellij-scala-historical,1,1,1
go-netconf,1,1,1
wookiee-kafka,1,1,1
container-networking-builder,1,0,0
node-memwatch,1,1,1
stringprep,1,1,1
jedi,1,1,1
Intel-Pattern-Matching-Technology,1,1,1
deepin-shortcut-viewer,1,1,1
governator,1,1,1
webapps-flashcards,1,0,0
airtest,1,1,1
DevArt,1,0,0
audit-normalmap,1,1,1
cbootimage-configs,1,1,1
isafw,1,0,0
python-ilorest-library-old,1,1,1
rust-subprocess-communicate,1,0,0
twurl,1,1,1
easybundler,1,1,1
rundeck-chatops-plugin,1,1,1
supersonic,1,1,1
offload,1,1,1
pyxl,1,0,0
hive-funnel-udf,1,1,1
teamcity-service-messages,1,1,1
teamcity-maven-archetypes,1,1,1
TeamCity.VsOnline.WorkItems,1,1,1
gulava,1,1,1
ngx_brotli,1,1,1
vim-selector,1,1,1
gym,0,1,0
Testify,1,1,1
womeng_handbook,1,1,1
edison-u-boot,1,1,1
cubism,1,1,1
AATT,1,1,1
resque,0,1,0
souffle,1,1,1
umf,1,1,1
xgboost-predictor-java,1,1,1
ranch,1,1,1
resharper-cyclomatic-complexity,1,1,1
osx-cpu-temp,1,1,1
osb-kafka-transport,1,1,1
kotlin-fiddle,1,1,1
k8srnd-sockshop-queue-master,1,1,1
phabricator,0,0,1
nixysa,1,1,1
librdkafka,1,0,0
meta-intel-camera,1,1,1
ironic-oneview-cli,1,1,1
stylint-config-groupon,1,1,1
scala_school,1,1,1
pub_cache,1,1,1
puppet,0,1,0
fest,1,1,1
FluidNet,1,1,1
portlibfori,1,1,1
acme-freight-recommendation,1,1,1
http,1,1,1
GitPad,1,1,1
ilo-rest-api-docs,1,1,1
wookiee-netty,1,1,1
usketch,1,0,0
merchant-sdk-php,1,1,1
pomelo-zookeeper-plugin,1,0,0
nginx-upsync-module,1,1,1
cncmicroscope-cad,1,0,0
node-log4js-logmet-appender,1,1,1
corvus,1,1,1
mail-importer,1,1,1
glisten,1,0,0
MLeaksFinder,1,1,1
contrail-vcenter-plugin,1,1,1
Nicobar,1,1,1
cordova-plugin-intel-xdk-audio,1,1,1
ReTrack,1,1,1
gemoji,1,1,1
webapps-memory-match,1,0,0
PyStaticConfiguration,1,1,1
nova-docker,1,1,1
django-ibmi,1,1,1
hermes,1,1,1
qg.db,1,1,1
cloud-cup,1,1,1
edda-client,1,1,1
contrail-ceilometer-plugin,1,1,1
multidimensional_urlencode,1,1,1
gomemcache,1,1,1
programmer-games,1,1,1
coursebuilder-releases,1,1,1
libtrust,1,0,0
acme-freight-controller,1,1,1
DTCoreText,0,0,1
android_library_permissiondispatcher,1,1,1
sedi,1,0,0
nginx-upstream-fair,1,1,1
neper,1,1,1
runway-browser,1,1,1
broc,1,1,1
dropbox-api-v2-repl,1,1,1
galaxy-fds-sdk-python,1,1,1
jsms-api-java-client,1,1,1
babelapi,1,0,0
contrail-third-party-packages,1,1,1
bugsnag-android,1,1,1
photonos-netmgr,1,1,1
lkp-qemu,0,0,1
lightSAML,1,1,1
prudaq,1,0,0
SparkChamber,1,1,1
tsung,1,0,0
signals-ios,1,1,1
tair-java-client,1,0,0
xitu.github.io,1,0,0
jet-app-store,1,1,1
zanhttp-boilerplate,1,1,1
securemessage,1,1,1
djinni,1,1,1
vso-httpclient-java,1,1,1
material-design-icons,1,1,1
tracking-pixel,1,1,1
k8s-daemonupgradecontroller,1,1,1
nunit,1,0,0
wookiee-socko,1,0,0
geo-search-tool,1,0,0
dleyna-linux,1,1,1
terrapin,1,1,1
atomic-style,1,0,0
thrift-tools,1,1,1
offline-content-packager,0,0,1
mysql-protobuf,1,0,0
ccql,1,1,1
pyMIC,1,1,1
contrail-installer,1,1,1
facepp-javascript-sdk,1,1,1
less.js,0,0,1
ironwill,0,0,1
plovr,0,0,1
stemcell,1,1,1
playframework,0,0,1
QConf,1,1,1
example-package-dealer,1,1,1
looker-slackbot,1,1,1
oink,1,0,0
xpaf,1,0,0
fake_braintree,1,1,1
php-PDO_IBM-ibmi,1,1,1
Flask-AppBuilder,1,0,0
pedant,1,1,1
pants,0,0,1
dotnet-cas-client,1,1,1
redis,1,1,1
jchat-swift,1,1,1
jmessage-android-uikit,1,0,0
likewise-open,1,1,1
dyn,1,1,1
rhdp-httrack,1,1,1
cisco.github.io,1,1,1
go-metrics,1,1,1
Galileo-Runtime,1,1,1
teamcity-fxcop,1,1,1
react-native-push-notification,1,0,0
dde-help,1,1,1
contrail-java-api,1,1,1
Selenium-Grid-Extras,1,1,1
torch-cutorch,1,0,0
rancher-ui-driver,1,1,1
DropboxBusinessScripts,1,1,1
canvas-5-polyfill,1,1,1
kafka_protocol,1,1,1
preceptor,1,1,1
Highlightr,1,1,1
vmx-docker-lwaftr,1,1,1
k8srnd-sockshop-orders,1,1,1
chatofpomelo,1,1,1
hawtio,0,1,0
facepp-php-sdk,1,1,1
sdk-index,1,0,0
shlex,1,1,1
cpp-netlib,1,0,0
stackalytics,1,1,1
bufrw,1,1,1
MegviiCloudSDK,1,0,0
wayland-tracker,1,1,1
maximum-awesome,1,1,1
bobo,1,1,1
radioreceiver,1,0,0
okta-oidc-aws,1,1,1
python-hpICsp,1,1,1
pilgrim,1,1,1
facepp-java-sdk,1,1,1
agera,1,1,1
tegra-rootfs-scripts,1,1,1
AndFix,1,0,0
serialized_attributes,1,1,1
jndn-management,1,1,1
appear,1,1,1
cordova-plugin-intel-xdk-player,1,1,1
cordova-plugin-intel-xdk-cache,1,1,1
copenapi,1,1,1
ride-sharing,1,0,0
small-gpu-rendering-examples,1,1,1
ccs-pyosxframeworks,1,1,1
mcic-coco,1,0,0
dep-audit,1,0,0
xr-telemetry-m2m-lib,0,0,1
sails-forcedotcom,1,1,1
cap-library,1,1,1
drawee-text-view,1,1,1
fuel-plugin-vxlan-vlan-7,1,1,1
sails-swagger,1,1,1
youtube-ios-player-helper,1,1,1
doorman,1,0,0
cordova-plugin-intel-xdk-facebook,1,1,1
for-win,1,1,1
PayPal-iOS-SDK,1,1,1
tsar,1,1,1
ProductionKernelQuilts,1,0,0
py-look-for-timeouts,1,1,1
falcor-http-datasource,1,0,0
design.yyuap.com,1,1,1
owplan,1,1,1
scripts-to-rule-them-all,1,1,1
babel-plugin-transform-custom-element-classes,1,1,1
vsphere-automation-sdk-ruby,1,1,1
galaxy-hadoop,1,1,1
hacheck,1,1,1
vqfx10k-vagrant,1,1,1
googet,1,1,1
puppet-netdev-stdlib-junos,1,1,1
fuel-plugin-etckeeper,0,0,1
yelp-ruby,1,1,1
lua-cassandra,1,1,1
py-decorators-tutorial,1,0,0
qfetch-m3u8,1,1,1
changes-client,1,0,0
CloudFerry,1,1,1
invoice-sdk-dotnet,1,1,1
coyote,1,1,1
libaddressinput,1,1,1
qlive,1,0,0
yang,1,1,1
wookiee-json,1,0,0
password-alert,1,1,1
c-sdk-wdeps,1,0,0
mdwebhook,1,1,1
appcode-workshop,1,1,1
perf_api.dart,1,1,1
dart-scissors,1,1,1
ruby.taobao.org,1,0,0
simpleimage,1,0,0
amira,1,1,1
email_reply_parser,1,1,1
janky,1,1,1
vsaq,1,1,1
terraform-php,1,1,1
GraphJet,1,1,1
HJBC,1,0,0
ccs-pysecuretransport,1,1,1
msgp,1,1,1
squbs-java-seed.g8,1,1,1
stopwatch,1,1,1
falcor-path-syntax,1,0,0
mobx-tutorial-cn,1,0,0
join-us,1,1,1
thrift_client,1,1,1
gde-speakersbureau,1,0,0
uuid,1,1,1
mint-ui,1,1,1
meta-intel-iot-security,1,1,1
RedAlert,1,1,1
GT,1,1,1
arrow-logo,1,1,1
python-gflags,1,1,1
webapps-wordswarm,1,0,0
thunderbolt-software-user-space,1,1,1
intellij-deps-ini4j,1,1,1
puppet-hprest-module,1,1,1
invoice-sdk-php,1,1,1
branch_hinting_tool,1,1,1
vmw-guestinfo,1,1,1
style,1,1,1
odata4j,1,1,1
quiver-log,1,1,1
supplemental-reset-components-for-qsys,1,1,1
dleyna-control,1,1,1
allocation-instrumenter,1,1,1
acai,1,1,1
f2etest,1,1,1
PayPal-Python-SDK,1,1,1
mds,1,1,1
contrail-dpdk-extra-packages,1,0,0
ReSharperPowerToys,1,1,1
Raigad,1,1,1
vertx-redis,1,1,1
k8s-externalipcontroller,1,1,1
for-mac,1,1,1
nessrest,1,1,1
source_transformer.dart,0,0,1
hyou,1,1,1
samples-js-angular-1,1,1,1
palette.js,1,1,1
yelp_uri,1,1,1
elasticsearch-analysis-morphology,1,1,1
hpe-nv-js,0,0,1
watchpresenter,1,1,1
example-package-playingcard,1,1,1
transform-plugin-sdk,1,0,0
seafile-docs-ko,1,0,0
libchan,1,0,0
ruby-rrule,1,1,1
kew,1,1,1
http-proxy-middleware,1,1,1
farmhash,1,1,1
awesome-blogs,1,1,1
metrics-collector-client-java,1,1,1
resharper-presentation-assistant,1,1,1
coffeelint-config-groupon,1,1,1
json-schema-filter,1,1,1
npm-auto-version,1,0,0
dockerf,1,1,1
wookiee-etcd,1,1,1
sbt-intellij,1,1,1
galaxy-sdk-javascript,1,0,0
hammerspace,1,1,1
falcor-express,1,0,0
mdbm,1,1,1
language-jsonnet,1,1,1
grafana-dash-gen,1,1,1
REST-code-samples,1,0,0
android-things-examples,1,1,1
metrosvg,1,0,0
contrail-distro-third-party,1,1,1
yoko-tool,1,1,1
elephant-bird,1,1,1
clojure-turtle,1,1,1
urlnorm,1,1,1
prettytensor,1,1,1
pootle,1,1,1
tracing-framework,1,1,1
vogon,1,1,1
cronutils,1,1,1
elasticsearch-analysis-pinyin,1,1,1
tair,1,1,1
kafka-rest-node,1,1,1
open_nsfw,1,1,1
teamcity-sdk-maven-plugin,1,1,1
deepin-gtk-theme,1,1,1
ifmap-python-client,1,0,0
PayPal-PHP-SDK,1,1,1
depth_fusion,1,1,1
seafile-debian-packging,1,1,1
material-design-lite,1,1,1
vire,1,1,1
galaxy-fds-sdk-ios,1,0,0
promise.rb,1,1,1
cordova-plugin-wkwebview-file-xhr,1,1,1
eslint-config-iuap,1,1,1
docker-openldap,1,1,1
Mario,1,1,1
lovefield,1,1,1
TitanRecyclerView,1,1,1
coding-bisheng,1,1,1
TeamCity.ServiceMessages,1,1,1
LiquidFunPaint,1,0,0
javascript-ilorest-library,1,1,1
wookiee-cache,1,1,1
MOE,1,1,1
DroidPlugin,1,1,1
hermione-teamcity-reporter,1,1,1
jpush-cocos2d-x-plugin,1,0,0
shimmer-android,1,1,1
summingbird,1,1,1
embed-dart-vm,1,1,1
swarm,0,0,1
ubuntu-packaging-nvidia-driver,1,1,1
kmeans,1,1,1
libest,1,1,1
GPUImage,0,1,0
gold-podcast,1,0,0
phxsql,1,1,1
oraclejet,1,1,1
falcor-router,1,1,1
puppet-manifests,1,0,0
namebench,1,1,1
testrepo,1,0,0
infinity-interview-app-shell,1,0,0
keras,0,1,0
netdev,1,1,1
zcache,1,1,1
nvidia-modprobe,1,1,1
cloud-starter-kit,1,0,0
rpki-mgmt,1,0,0
seafile-server-installer,1,1,1
mirandum,1,1,1
cat.js,1,0,0
node-nominatim,1,1,1
version_sorter,1,1,1
teamcity-commit-hooks,1,1,1
netconf-perl,1,1,1
pytheas,1,0,0
a11y-tests,1,1,1
hypernova-react,1,1,1
ndprbrd,1,1,1
node-bloomd,1,1,1
field-kit,1,1,1
AskBox,1,0,0
gssh,1,1,1
rend-http,1,1,1
loadScript,1,1,1
pg_global_kv,1,0,0
libkv,1,1,1
storm-perf-test,1,1,1
logmet-client-njs,1,1,1
chronos,1,1,1
FBRetainCycleDetector,1,1,1
echo,1,1,1
power-traces,1,0,0
okta-openvpn,1,1,1
reair,1,1,1
photon-packer-templates,1,1,1
dynamic-application-loader-host-interface,1,1,1
kara,1,1,1
docker-custodian,1,1,1
sisu.inject,1,1,1
stash_core_api,1,1,1
distribution-library-image,1,1,1
dicomParser,1,1,1
plog,1,1,1
twemproxies,1,1,1
jpush-api-php-client,1,1,1
iio_testing_framework,0,0,1
upnp_info,1,1,1
jbox,1,1,1
ShareFile-PowerShell,1,1,1
kostyor-cli,1,1,1
jmessage-ios-uikit,1,1,1
mavlink-vehicles,1,1,1
cobar,1,1,1
fuel-plugin-docs,1,0,0
IgniteTraining,1,0,0
android-gradle,1,0,0
garethr-docker,1,1,1
engine-api,1,0,0
snakebite,1,0,0
docker,0,0,1
video.js,0,0,1
EGOTextView,1,0,0
gae-secure-scaffold-python3,1,1,1
gprof2dot,1,1,1
piex,1,1,1
dotpeek-peekfx,1,1,1
dockercraft,1,1,1
MagicaSakura,1,1,1
MSEC,1,1,1
mysql-haproxy-xinetd,0,0,1
game-off-2016,1,0,0
sdkdocs-template,1,1,1
permissions-sdk-ruby,1,1,1
lineuse,1,0,0
sensu_handlers,1,1,1
paypalcheckout-android,1,1,1
wheeljack,1,1,1
jiffy,1,1,1
arcanist,0,0,1
nvm-direct,1,1,1
compact_enc_det,1,1,1
puppet-paasta,1,1,1
ReSharperGallery,1,1,1
awesome-cpp-cn,1,1,1
ci-ijk-ffmpeg-android,1,1,1
packetdrill,1,1,1
puppet-ilorest-module,1,1,1
charlatan,1,1,1
observable,1,1,1
webpack-toolkit,1,1,1
recipe-010-webhook-php,1,1,1
neoui-knockout,1,0,0
Surus,1,1,1
clover,1,1,1
youtrack-workflows,1,1,1
node-info,1,1,1
contrail-horizon,1,1,1
airlock,1,1,1
contrail-nova-vif-driver,1,1,1
ios-webkit-debug-proxy,1,1,1
Powershell-Scripts,1,1,1
marshal,1,1,1
tech-talks,1,1,1
CaffeOnSpark,1,1,1
clearcase,1,1,1
ostara,1,1,1
livestream_demo_ios,1,1,1
okhttp,0,0,1
GVa,0,0,1
bayesian-belief-networks,1,1,1
external-wayland-protocols,1,1,1
here-sideloader-api-samples,1,1,1
qunit-bdd,1,1,1
spark-redshift,1,1,1
badge-up,1,1,1
ioprof,1,1,1
iot-js-api,1,1,1
orderedcode,1,1,1
container-networking-ansible,1,0,0
bugCatcher,1,1,1
pyasn,1,0,0
closure-compiler-archived,0,0,1
atg-commerce-iaas,1,1,1
grinder.dart,1,1,1
videojs-contrib-hls,1,0,0
local-dynamo,1,1,1
glide,1,0,0
storehaus,1,1,1
ozone-wayland,1,1,1
fixo,1,1,1
puppet-vault,0,0,1
iwen,1,1,1
happy-dns-android,1,1,1
falkor-archived,1,1,1
maps-for-work-samples,1,1,1
googlemock,1,1,1
ion-tests,1,1,1
ansible-coreos-kubernetes-master,1,1,1
html-quiz,1,1,1
accelerator-gzutil,1,1,1
youtrack-vcs-hooks,1,1,1
ansible-coreos-kubernetes-minion,1,1,1
uap-studio-html-snippets,1,1,1
perfmon,0,0,1
ribbon,1,1,1
font-go,1,1,1
text-ui,1,1,1
react-with-styles-interface-aphrodite,1,1,1
threat_intel,1,1,1
graph-index,1,1,1
nerve,1,1,1
Fido,1,1,1
SuperDelegate,1,1,1
elide-js,1,1,1
spark-metrics,1,0,0
NfWebCrypto,1,1,1
beansdbadmin,1,1,1
debug-repo,1,1,1
domaintest,1,1,1
code,1,0,0
js-stack-from-scratch,1,1,1
gradle-template,1,1,1
docker-saltstack-junos,1,1,1
puppet-orchestrator-for-mysql,0,1,0
task_list,1,0,0
elide-testing-framework,1,1,1
mysql-8.0,0,1,0
sofa-pbrpc,1,1,1
intro-to-d3,1,0,0
cloud-print-connector,1,1,1
gemini-teamcity,1,1,1
closure-stylesheets,1,1,1
breakout,1,1,1
webapps-go,1,0,0
otto,1,1,1
emre,1,1,1
jsontoken,1,1,1
java-code-styles,1,1,1
amazon-pay-sdk-samples,1,1,1
zanphp.io-server,1,1,1
mysql-junit4,1,0,0
cassovary,1,1,1
x,1,1,1
solaris-xorg,1,1,1
mysql_streamer,1,1,1
chef-samples,1,0,0
open-nti-input-jti,1,0,0
eslint-config-google,1,1,1
api-samples,1,0,0
DOUSNSSharing,1,1,1
walle,1,1,1
analytics-infra-governance,1,1,1
OceanBase-0.5,1,1,1
hyperion,1,1,1
gitbook-plugin-iuap-design,1,0,0
whorlwind,1,1,1
ansible-etcd-cluster,1,1,1
ibm-cloud-functions-serverless-ocr-openchecks,1,1,1
squbs-scala-seed.g8,1,1,1
ShareFile-ObjectiveC,1,1,1
contrail-web-server-manager,1,1,1
cordova-plugin-browsertab,1,1,1
ioweb2016,1,0,0
phxrpc,1,1,1
pollexor,1,1,1
graphkit,1,1,1
zktraffic,1,1,1
chained-promise,1,1,1
ccp-docker-jenkins,1,1,1
CodeX-Runtime-iOS,1,0,0
react-cartographer,1,1,1
intelRSD,1,1,1
python-seafile,1,1,1
arduino101_manifest,1,0,0
ShareFile-NET,1,1,1
intellij-deps-log4j,1,1,1
vss,1,1,1
cordova-plugin-intel-xdk-device,1,1,1
cordova-plugin-intel-xdk-display,1,1,1
cloud-cup-android,1,1,1
pbnj,1,1,1
google-drive-shell-extension,1,1,1
hub-feedback,1,1,1
ffvademo,1,1,1
AppAuth-Android,1,1,1
cucumber-metrics,1,1,1
swift-internals,1,1,1
puppet-consul_template,1,1,1
nemo-appium,1,0,0
ImageOptimization,1,1,1
biosdisk,1,1,1
deline,1,1,1
Igvtg-xen,1,1,1
webapi-examples,1,1,1
osstracker,1,1,1
cbootimage,1,1,1
goipmi,1,1,1
logkafka,1,1,1
ruby-junos-ez-stdlib,1,1,1
linkedin.github.com,1,1,1
SysToolsLib,0,1,0
oracle-nosql-drivers,1,0,0
sparklint,1,1,1
xtd,0,1,0
terraform-provider-gitfile,1,1,1
bsonpatch,1,1,1
ots,1,0,0
kids,1,1,1
buffer-equal-constant-time,1,1,1
felint-config,1,1,1
gfw-toolkit,1,0,0
ccs-pycalendar,1,1,1
nodeunit,1,0,0
hackathon-unchain,1,1,1
haha,1,1,1
energysimulation,1,1,1
fuel-plugin-standalone-ceph,1,0,0
go-gir-generator,1,1,1
disk_perf_test_tool,1,1,1
opentracing-javascript,1,0,0
priam,1,1,1
webdriver-http-sync,1,1,1
chef-provisioning-oneview,1,1,1
fuel-plugin-celebrer,1,0,0
CODK-A-Flashpack,1,1,1
coordinators,1,1,1
netronome-agilio-vrouter,0,1,0
dino-date,1,1,1
teamcity-aws-codebuild-plugin,1,1,1
neoui-datetimepicker,1,0,0
